@name,nameUi,area,controller,controller_1890,controller_1900,controller_1910,controller_1920,controller_1930,controller_1940,claim,isHome,type,development,port,population,oilDiscoveryYear,oilDiscoveryBaseChance,oilCapacity,oilReservesInTurns,revoltChance,provinceArmyPercentage,ProvinceDefenderBonus,neighbour_provinces
bulgaria,Bulgaria,b_sea,bulgaria,bulgaria,bulgaria,bulgaria,bulgaria,bulgaria,bulgaria,bulgaria,0,country,3.20000005,10000,-1,1930,5,150,100,7,0.045000002,2,"eastern_rumelia, romania, serbia, central_balkans, northern_greece"
eastern_rumelia,Eastern Rumelia,b_sea,ottoman,ottoman,ottoman,bulgaria,bulgaria,bulgaria,bulgaria,bulgaria,0,colony,3.29999995,10000,-1,-1,0,0,0,7,0.045000002,2,"bulgaria, central_balkans, northern_greece, bosporus"
ukraine,Ukraine,b_sea,russia,russia,russia,russia,ukraine,russia,russia,ukraine,1,home,12,90000,-1,1920,5,900,200,7,0.029999999,2,"belarus, eastern_poland, galicia, hungary, romania, moldova, central_russia, southern_russia, crimaia"
belarus,Belarus,b_sea,russia,russia,russia,russia,belarus,russia,russia,belarus,1,home,8,0,-1,1930,1,100,100,7,0.029999999,2,"ukraine, eastern_poland, lithuania, latvia, central_russia"
moldova,Moldova,b_sea,russia,russia,russia,russia,moldova,russia,russia,moldova,1,home,2,90000,-1,1930,1,100,100,7,0.0125,2,"ukraine, romania"
georgia,Georgia,b_sea,russia,russia,russia,russia,georgia,russia,russia,georgia,1,home,3,90000,-1,1930,1,100,100,7,0.0125,2,"southern_russia, armenia, azerbaijan"
armenia,Armenia,b_sea,russia,russia,russia,russia,armenia,russia,russia,armenia,1,home,2,90000,-1,1930,1,110,100,7,0.0125,2,"azerbaijan, eastern_turkey, georgia, persia"
azerbaijan,Azerbaijan,b_sea,russia,russia,russia,russia,azerbaijan,russia,russia,azerbaijan,1,home,1.75,90000,-1,1890,100,200,1000,7,0.0125,2,"armenia, georgia, southern_russia, persia"
romania,Romania,b_sea,romania,romania,romania,romania,romania,romania,romania,romania,0,country,4.4000001,20000,-1,1930,1,100,100,7,0.029999999,2,"ukraine, moldova, hungary, serbia, bulgaria"
northern_turkey,Northern Turkey,b_sea,ottoman,ottoman,ottoman,ottoman,ottoman,ottoman,ottoman,ottoman,0,country,9,80000,-1,1930,1,150,100,6,0.119999997,2,"bosporus, western_turkey, southern_turkey, eastern_turkey"
corsica,Corsica,medit2,france,france,france,france,france,france,france,corsica,0,colony,2,4000,-1,-1,0,0,0,2.5,0.0125,2,
cyprus,Cyprus,medit,britain,britain,britain,britain,cyprus,cyprus,cyprus,cyprus,0,colony,3,25000,-1,-1,0,0,0,6,0.0125,3,
gibraltar,Gibraltar,medit2,britain,britain,britain,britain,britain,britain,britain,gibraltar,0,colony,0.400000006,35000,-1,-1,0,0,0,2.5,0.0125,2,southern_spain
palestine,Palestine,medit,ottoman,ottoman,ottoman,ottoman,britain,britain,britain,palestine,0,colony,4,40000,-1,-1,0,0,0,12,0.01,3,"north_egypt, transjordania, lebanon, syria"
northwest_italy,Northwest Italy,medit2,italy,italy,italy,italy,italy,italy,italy,italy,1,home,21,120000,-1,1925,5,200,100,7,0.029999999,2,"northeast_italy, switzerland, southern_france, central_italy"
lebanon,Lebanon,medit,ottoman,ottoman,ottoman,ottoman,france,france,france,lebanon,0,colony,3,15000,-1,-1,0,0,0,7,0.0125,3,"syria, palestine"
sardinia,Sardinia,medit2,italy,italy,italy,italy,italy,italy,italy,italy,1,home,4,15000,-1,-1,0,0,0,2.5,0.0125,2,
western_sicily,Western Sicily,medit2,italy,italy,italy,italy,italy,italy,italy,italy,1,home,5,25000,-1,-1,0,0,0,2.5,0.029999999,2,eastern_sicily
southern_spain,Southern Spain,medit2,spain,spain,spain,spain,spain,spain,spain,spain,1,home,10,85000,-1,-1,0,0,0,2.5,0.029999999,2,"southern_france, western_spain"
southern_france,Southern France,medit2,france,france,france,france,france,france,france,france,1,home,30,75000,-1,-1,0,0,0,2.5,0.029999999,2,"southern_spain, northwest_italy, switzerland, western_france, northern_france"
syria,Syria,medit,ottoman,ottoman,ottoman,ottoman,france,france,france,syria,0,colony,5,20000,-1,1930,4,400,100,10,0.029999999,3,"lebanon, transjordania, iraq, southern_turkey, eastern_turkey"
southern_turkey,Southern Turkey,medit,ottoman,ottoman,ottoman,ottoman,ottoman,ottoman,ottoman,ottoman,0,country,6,45000,-1,-1,0,0,0,7,0.119999997,2,"syria, eastern_turkey, western_turkey, northern_turkey"
bermuda,Bermuda,n_am_east,britain,britain,britain,britain,britain,britain,britain,bermuda,0,colony,1.39999998,10000,-1,-1,0,0,0,2.5,0.0125,2,
eastern_usa,Eastern USA,n_am_east,usa,usa,usa,usa,usa,usa,usa,usa,1,home,15.5,120000,-1,1890,100,950,350,2.5,0.029999999,2,"maine, southeastern_seaboard, central_canada, central_usa"
maine,Maine,n_am_east,usa,usa,usa,usa,usa,usa,usa,usa,1,home,4,30000,-1,-1,0,0,0,2.5,0.029999999,2,"new_brunswick, central_canada, eastern_usa"
new_brunswick,New Brunswick,n_am_east,canada,canada,canada,canada,canada,canada,canada,canada,0,country,3,30000,-1,-1,0,0,0,2.5,0.0125,2,"central_canada, nova_scotia, maine"
nova_scotia,Nova Scotia,n_am_east,canada,canada,canada,canada,canada,canada,canada,canada,0,country,3,35000,-1,-1,0,0,0,2.5,0.0125,2,new_brunswick
southeastern_seaboard,Southeastern Seaboard,n_am_east,usa,usa,usa,usa,usa,usa,usa,usa,1,home,13.5,120000,-1,1890,100,950,500,2.5,0.0125,2,"eastern_usa, central_usa, gulf_coast"
british_columbia,British Columbia,alaska_gulf,canada,canada,canada,canada,canada,canada,canada,canada,0,country,2,25000,-1,-1,0,0,0,2.5,0.0125,2,"northern_canada, central_usa, western_usa, eastern_aleutians, canadian_prairies"
eastern_aleutians,Eastern Aleutians,alaska_gulf,usa,usa,usa,usa,usa,usa,usa,eastern_aleutians,0,colony,1.5,20000,-1,1925,2,400,100,2.5,0.0125,2,southern_alaska
hawaii,Hawaii,s_pacific,hawaii,hawaii,usa,usa,usa,usa,usa,hawaii,0,country,1,20000,-1,-1,0,0,0,2.5,0.0125,2,
western_usa,Western USA,n_am_west,usa,usa,usa,usa,usa,usa,usa,usa,1,home,15,120000,-1,1930,5,1250,500,2.5,0.0125,2,"western_mexico, gulf_coast, central_usa, british_columbia"
latvia,Latvia,baltic,russia,russia,russia,russia,latvia,latvia,latvia,latvia,1,home,3,120000,-1,-1,0,0,0,5,0.029999999,2,"esthonia, central_russia, belarus, lithuania"
lithuania,Lithuania,baltic,russia,russia,russia,russia,lithuania,lithuania,lithuania,lithuania,1,home,3,120000,-1,-1,0,0,0,5,0.029999999,2,"latvia, belarus, prussia"
prussia,Prussia,baltic,germany,germany,germany,germany,germany,germany,germany,poland,1,home,10,180000,-1,1925,2,400,100,5,0.029999999,3,"lithuania, poland, eastern_poland"
central_russia,Central Russia,baltic,russia,russia,russia,russia,russia,russia,russia,russia,1,home,12,150000,-1,1925,15,2500,2500,7,0.029999999,3,"southern_finland, esthonia, latvia, belarus, ukraine, southern_russia, siberian_russia, kazakhstan, northern_russia"
southern_russia,Southern Russia,b_sea,russia,russia,russia,russia,russia,russia,russia,russia,1,home,12,150000,-1,1890,100,500,1500,7,0.029999999,2,"central_russia, ukraine, kazakhstan"
belgium,Belgium,n_sea,belgium,belgium,belgium,belgium,belgium,belgium,belgium,belgium,0,country,11,45000,-1,-1,0,0,0,2.5,0.02,2,"netherlands, western_germany, luxembourg, northern_france"
eastern_germany,Eastern Germany,baltic,germany,germany,germany,germany,germany,germany,germany,germany,1,home,34,180000,-1,1925,5,500,100,7,0.029999999,3,"denmark, western_germany, southern_germany, bohemia-moravia, poland"
western_germany,Western Germany,n_sea,germany,germany,germany,germany,germany,germany,germany,germany,1,home,42,100000,-1,1890,100,800,1500,7,0.029999999,3,"eastern_germany, netherlands, luxembourg, southern_germany, belgium"
netherlands,Netherlands,n_sea,netherlands,netherlands,netherlands,netherlands,netherlands,netherlands,netherlands,netherlands,0,country,17,40000,-1,-1,0,0,0,7,0.029999999,3,"belgium, western_germany"
heligoland,Heligoland,n_sea,germany,germany,germany,germany,germany,germany,germany,heligoland,0,colony,1,25000,-1,-1,0,0,0,2.5,0.0125,3,
scotland,Scotland,n_sea,britain,britain,britain,britain,britain,britain,britain,scotland,1,home,35,130000,-1,-1,0,0,0,7,0.050000001,2,"north_east_england, north_west_england"
north_west_england,Northwest England,irish_sea,britain,britain,britain,britain,britain,britain,britain,britain,1,home,6,120000,-1,1890,100,200,300,7,0.029999999,2,"north_east_england, wales, eastern_england"
north_east_england,Northeast England,n_sea,britain,britain,britain,britain,britain,britain,britain,britain,1,home,9,120000,-1,1890,100,300,300,7,0.029999999,2,"scotland, north_west_england"
eastern_england,Eastern England,n_sea,britain,britain,britain,britain,britain,britain,britain,britain,1,home,17,120000,-1,1890,100,550,500,7,0.029999999,2,"north_west_england, wales, southern_england"
southern_england,Southern England,english_channel,britain,britain,britain,britain,britain,britain,britain,britain,1,home,40,120000,-1,1895,100,750,500,7,0.029999999,2,"wales, eastern_england"
northern_france,Northern France,english_channel,france,france,france,france,france,france,france,france,1,home,34,95000,-1,1890,100,400,500,7,0.029999999,2,"western_france, belgium, luxembourg, switzerland, southern_germany, southern_france"
wales,Wales,irish_sea,britain,britain,britain,britain,britain,britain,britain,wales,1,home,25,25000,-1,-1,0,0,0,7,0.029999999,2,"north_west_england, eastern_england, southern_england"
western_france,Western France,biscaic,france,france,france,france,france,france,france,france,1,home,31,100000,-1,-1,0,0,0,7,0.029999999,2,"northern_france, southern_france, northern_spain"
ireland,Ireland,irish_sea,britain,britain,britain,britain,britain,britain,britain,ireland,1,home,19,55000,-1,-1,0,0,0,15,0.029999999,2,
northern_spain,Northern Spain,biscaic,spain,spain,spain,spain,spain,spain,spain,spain,1,home,10,80000,-1,1930,5,400,300,7,0.029999999,2,"portugal, western_spain, southern_spain"
western_spain,Western Spain,n_atlantic,spain,spain,spain,spain,spain,spain,spain,spain,1,home,8,65000,-1,-1,0,0,0,7,0.029999999,2,"northern_spain, portugal, southern_spain"
portugal,Portugal,n_atlantic,portugal,portugal,portugal,portugal,portugal,portugal,portugal,portugal,0,country,5,95000,-1,-1,0,0,0,15,0.035,3,"northern_spain, western_spain, southern_spain"
azores,Azores,n_atlantic,portugal,portugal,portugal,portugal,portugal,portugal,portugal,azores,0,colony,1,20000,-1,-1,0,0,0,2.5,0.0125,2,
madeira,Madeira,n_atlantic,portugal,portugal,portugal,portugal,portugal,portugal,portugal,madeira,0,colony,1.25,7000,-1,-1,0,0,0,2.5,0.0125,2,
morocco,Morocco,n_atlantic,morocco,morocco,morocco,morocco,france,france,france,morocco,0,country,5,20000,-1,1920,5,325,200,15,0.0125,2,"northern_algeria, southern_algeria, western_sahara"
western_sahara,Western Sahara,n_atlantic,spain,spain,spain,spain,spain,spain,spain,western_sahara,0,colony,2.5,10000,-1,-1,0,0,0,10,0.0125,2,"morocco, southern_algeria, mauritania"
canary_islands,Canary Islands,n_atlantic,spain,spain,spain,spain,spain,spain,spain,canary_islands,0,colony,2.9000001,12000,-1,-1,0,0,0,2.5,0.0125,2,
iceland,Iceland,denmark_strait,denmark,denmark,denmark,denmark,iceland,iceland,iceland,iceland,0,colony,2,8000,-1,1925,2,300,100,2.5,0.0125,2,
kamchatka,Kamchatka,ne_asia,russia,russia,russia,russia,russia,russia,russia,kamchatka,0,colony,4,30000,-1,1925,2,300,100,7,0.0125,2,"southern_siberia, eastern_siberia"
kiautschou_bay,Kiautschou Bay,yellow_sea,germany,germany,germany,germany,china,china,japan,china,1,home,4,30000,-1,1925,2,30,100,7,0.0125,2,"northeast_china, weihaiwei"
liaodong_peninsula,Liaodong Peninsula,yellow_sea,china,china,japan,japan,japan,japan,japan,china,1,home,4.5,45000,-1,-1,0,0,0,7,0.0125,2,"northwest_korea, northeast_korea, manchuria, northeast_china"
russian_far_east,Russian Far East,japan_sea,russia,russia,russia,russia,russia,russia,russia,russia,1,home,8.5,40000,-1,1925,2,500,100,7,0.0125,2,"manchuria, siberian_russia, southern_siberia"
penghu,Penghu,east_asia,china,china,japan,japan,japan,japan,japan,china,1,home,3,35000,-1,1925,2,300,100,7,0.025,2,
weihaiwei,Weihaiwei,yellow_sea,china,china,britain,britain,britain,britain,china,china,0,country,4,40000,-1,1925,2,300,100,7,0.0125,2,"northeast_china, kiautschou_bay"
argentina,Argentina,s_am_east,argentina,argentina,argentina,argentina,argentina,argentina,argentina,argentina,0,country,9,45000,-1,1930,5,600,300,7,0.029999999,2,"uruguay, paraguay, chile, south_brazil"
falkland_islands,Falkland Islands,s_am_east,britain,britain,britain,britain,britain,britain,britain,argentina,0,colony,0.200000003,30000,-1,1925,1,160,100,2.5,0.0125,2,
sgssi,SGSSI,s_am_east,britain,britain,britain,britain,britain,britain,britain,argentina,0,colony,0.100000001,20000,-1,1920,0.200000003,200,500,2.5,0.0125,2,
uruguay,Uruguay,s_am_east,uruguay,uruguay,uruguay,uruguay,uruguay,uruguay,uruguay,uruguay,0,country,6,4000,-1,1925,2,200,100,7,0.029999999,2,"south_brazil, argentina"
chile,Chile,s_am_west,chile,chile,chile,chile,chile,chile,chile,chile,0,country,6,4000,-1,1925,2,200,100,7,0.029999999,2,"argentina, bolivia, peru"
ecuador,Ecuador,s_am_west,ecuador,ecuador,ecuador,ecuador,ecuador,ecuador,ecuador,ecuador,0,country,5.19999981,3000,-1,1917,5,300,400,7,0.0125,2,"peru, southern_colombia"
galápagos_islands,Galápagos Islands,s_am_west,ecuador,ecuador,ecuador,ecuador,ecuador,ecuador,ecuador,ecuador,0,country,0.100000001,3000,-1,-1,0,0,0,2.5,0.0125,2,
peru,Peru,s_am_west,peru,peru,peru,peru,peru,peru,peru,peru,0,country,6,3000,-1,1890,100,140,400,7,0.0125,2,"ecuador, south_brazil, north_brazil, bolivia, chile"
southern_colombia,Southern Colombia,s_am_west,colombia,colombia,colombia,colombia,colombia,colombia,colombia,colombia,0,country,6,15000,-1,1916,5,400,400,7,0.0125,2,"ecuador, northern_colombia, north_brazil, venezuela"
cook_islands,Cook Islands,s_pacific,britain,britain,britain,britain,britain,britain,britain,cook_islands,0,colony,0.5,10000,-1,-1,0,0,0,2.5,0.0125,2,
eastern__samoa,Eastern  Samoa,s_pacific,samoa,samoa,usa,usa,usa,usa,usa,samoa,0,country,0.699999988,5000,-1,-1,0,0,0,2.5,0.0125,2,
marquesas_islands,Marquesas Islands,s_pacific,france,france,france,france,france,france,france,marquesas_islands,0,colony,0.100000001,3000,-1,-1,0,0,0,2.5,0.0125,2,
french_polynesia,French Polynesia,s_pacific,france,france,france,france,france,france,france,french_polynesia,0,colony,1.75,3000,-1,-1,0,0,0,2.5,0.0125,2,
easter_island,Easter Island,s_pacific,chile,chile,chile,chile,chile,chile,chile,chile,0,country,0.100000001,6000,-1,-1,0,0,0,2.5,0.0125,2,
pitcairn_islands,Pitcairn Islands,s_pacific,britain,britain,britain,britain,britain,britain,britain,pitcairn_islands,0,colony,1,6000,-1,-1,0,0,0,2.5,0.0125,2,
eastern_gilbert_&_ellice_islands,Eastern Gilbert & Ellice Islands,s_pacific,britain,britain,britain,britain,britain,britain,britain,kiribati,0,colony,1,5000,-1,-1,0,0,0,2.5,0.0125,2,
western_samoa,Western Samoa,s_pacific,samoa,samoa,germany,germany,britain,britain,britain,samoa,0,country,0.300000012,5000,-1,-1,0,0,0,2.5,0.0125,2,
fiji,Fiji,s_pacific,britain,britain,britain,britain,britain,britain,britain,fiji,0,colony,1.79999995,15000,-1,-1,0,0,0,2.5,0.0125,2,
marshall_islands,Marshall Islands,s_pacific,germany,germany,germany,germany,japan,japan,japan,marshall_islands,0,colony,1,15000,-1,1925,1,100,100,2.5,0.0125,2,
western_gilbert_&_ellice_islands,Western Gilbert & Ellice Islands,s_pacific,britain,kiribati,britain,britain,britain,britain,britain,kiribati,0,colony,1,15000,-1,-1,0,0,0,2.5,0.0125,2,
new_caledonia,New Caledonia,s_pacific,france,france,france,france,france,france,france,new_caledonia,0,colony,2.70000005,10000,-1,1925,1,100,100,2.5,0.0125,2,
vanuatu,Vanuatu,s_pacific,vanuatu,vanuatu,vanuatu,vanuatu,vanuatu,vanuatu,vanuatu,vanuatu,0,country,1,13000,-1,-1,0,0,0,2.5,0.0125,2,
annam,Annam,se_asia,france,france,france,france,france,france,france,north_vietnam,0,colony,7,26000,-1,1925,2,300,200,2.5,0.0125,2,"cochinchina, cambodia, tonkin, laos"
borneo,Borneo,indonesian_sea,netherlands,netherlands,netherlands,netherlands,netherlands,netherlands,netherlands,borneo,0,colony,5,2000,-1,1930,5,900,500,2.5,0.0125,2,"sarawak, north_borneo, brunei"
north_borneo,North Borneo,se_asia,britain,britain,britain,britain,britain,britain,britain,malaysia,0,colony,3,1500,-1,1925,10,600,500,2.5,0.0125,2,"brunei, sarawak, borneo"
sarawak,Sarawak,se_asia,malaysia,malaysia,malaysia,malaysia,malaysia,malaysia,malaysia,malaysia,0,colony,3,1000,-1,1908,10,600,500,2.5,0.0125,2,"borneo, brunei, north_borneo"
brunei,Brunei,se_asia,britain,britain,britain,britain,britain,britain,britain,brunei,0,colony,2.70000005,1000,-1,1897,10,600,500,2.5,0.0125,2,"sarawak, borneo, north_borneo"
cochinchina,Cochinchina,se_asia,france,france,france,france,france,france,france,south_vietnam,0,colony,6,45000,-1,1925,2,400,200,2.5,0.0125,2,"cambodia, annam"
formosa,Formosa,east_asia,china,china,japan,japan,japan,japan,japan,taiwan,0,colony,7,17000,-1,-1,0,0,0,2.5,0.0125,2,
hong_kong,Hong Kong,se_asia,britain,china,britain,britain,britain,britain,britain,china,0,colony,4,60000,-1,-1,0,0,0,2.5,0.0125,2,southern_china
sulawesi,Sulawesi,indonesian_sea,netherlands,netherlands,netherlands,netherlands,netherlands,netherlands,netherlands,indonesia,0,colony,4,30000,-1,1895,10,400,500,2.5,0.0125,2,
moluccas,Moluccas,indonesian_sea,netherlands,netherlands,netherlands,netherlands,netherlands,netherlands,netherlands,indonesia,0,colony,3,20000,-1,1925,2,200,100,2.5,0.0125,2,
java,Java,indonesian_sea,netherlands,netherlands,netherlands,netherlands,netherlands,netherlands,netherlands,indonesia,0,colony,7.5,35000,-1,1890,100,500,500,2.5,0.0125,2,
kwang-chou-wan,Kwang-Chou-Wan,se_asia,france,france,france,france,france,france,france,china,1,home,5,15000,-1,-1,0,0,0,2.5,0.0125,2,southern_china
malaya,Malaya,se_asia,britain,britain,britain,britain,britain,britain,britain,malaysia,0,colony,5,15000,-1,1908,10,300,500,7,0.0125,2,"thailand, burma"
singapore,Singapore,se_asia,britain,britain,britain,britain,britain,britain,britain,singapore,0,colony,3.5,25000,-1,-1,0,0,0,2.5,0.0125,2,malaya
sumatra,Sumatra,se_asia,netherlands,netherlands,netherlands,netherlands,netherlands,netherlands,netherlands,sumatra,0,colony,6,5000,-1,1895,10,500,500,7,0.0125,2,
thailand,Thailand,se_asia,thailand,thailand,thailand,thailand,thailand,thailand,thailand,thailand,0,country,9,15000,-1,-1,0,0,0,7,0.0125,2,"malaya, burma, laos, cambodia"
cambodia,Cambodia,se_asia,france,france,france,france,france,france,france,cambodia,0,colony,4.5,15000,-1,1925,1,200,100,7,0.0125,2,"cochinchina, annam, thailand"
tonga,Tonga,s_pacific,tonga,tonga,tonga,tonga,tonga,tonga,tonga,tonga,0,country,0.800000012,10000,-1,1925,1,200,100,7,0.0125,2,
tonkin,Tonkin,se_asia,france,france,france,france,france,france,france,north_vietnam,0,colony,3.70000005,10000,-1,1925,1,200,100,7,0.0125,2,"laos, annam, southern_china"
gulf_coast,Gulf Coast,mex_coast,usa,usa,usa,usa,usa,usa,usa,usa,1,home,12,100000,-1,1900,10,1750,1000,7,0.0125,2,"western_mexico, northeast_mexico, western_usa, central_usa, southeastern_seaboard"
dutch_antilles,Dutch Antilles,caribbean,netherlands,netherlands,netherlands,netherlands,netherlands,netherlands,netherlands,antilles,0,colony,3,15000,-1,-1,0,0,0,7,0.0125,2,
french_antilles,French Antilles,caribbean,france,france,france,france,france,france,france,antilles,0,colony,4,15000,-1,-1,0,0,0,7,0.0125,2,
cayman_islands,Cayman Islands,caribbean,britain,britain,britain,britain,britain,britain,britain,jamaica,0,colony,0.200000003,10000,-1,-1,0,0,0,7,0.0125,2,
costa_rica,Costa Rica,caribbean,costa_rica,costa_rica,costa_rica,costa_rica,costa_rica,costa_rica,costa_rica,costa_rica,0,country,5,25000,-1,-1,0,0,0,7,0.0125,2,"panama, nicaragua"
cuba,Cuba,caribbean,spain,spain,cuba,cuba,cuba,cuba,cuba,cuba,0,colony,10,75000,-1,-1,0,0,0,7,0.0125,2,guantanamo
dominican_republic,Dominican Republic,caribbean,dominican_republic,dominican_republic,dominican_republic,dominican_republic,usa,dominican_republic,dominican_republic,dominican_republic,0,country,6,15000,-1,-1,0,0,0,7,0.0125,2,haiti
grand_bahama,Grand Bahama,caribbean,britain,britain,britain,britain,britain,britain,britain,grand_bahama,0,colony,5,15000,-1,-1,0,0,0,7,0.0125,2,
guantanamo,Guantanamo,caribbean,spain,spain,usa,usa,usa,usa,usa,cuba,0,colony,0.100000001,25000,-1,-1,0,0,0,7,0.0125,2,
british_guiana,British Guiana,caribbean,britain,britain,britain,britain,britain,britain,britain,guyana,0,colony,4,3000,-1,-1,0,0,0,7,0.0125,2,"venezuela, suriname, north_brazil"
haiti,Haiti,caribbean,haiti,haiti,haiti,haiti,haiti,haiti,haiti,haiti,0,country,4,3000,-1,-1,0,0,0,7,0.0125,2,dominican_republic
honduras,Honduras,caribbean,honduras,honduras,honduras,honduras,honduras,honduras,honduras,honduras,0,country,3.5,3000,-1,-1,0,0,0,7,0.0125,2,"british_honduras, nicaragua, el_salvador"
jamaica,Jamaica,caribbean,britain,britain,britain,britain,britain,britain,britain,jamaica,0,colony,5,7000,-1,-1,0,0,0,7,0.0125,2,
new_providence,New Providence,caribbean,britain,britain,britain,britain,britain,britain,britain,new_providence,0,colony,4,4000,-1,-1,0,0,0,7,0.0125,2,
nicaragua,Nicaragua,caribbean,nicaragua,nicaragua,nicaragua,nicaragua,nicaragua,nicaragua,nicaragua,nicaragua,0,country,4,4000,-1,-1,0,0,0,7,0.0125,2,"honduras, costa_rica"
northern_colombia,Northern Colombia,caribbean,colombia,colombia,colombia,colombia,colombia,colombia,colombia,colombia,0,country,10,22000,-1,1916,5,700,400,7,0.0125,2,"panama, venezuela, northern_colombia"
panama,Panama,caribbean,usa,usa,usa,usa,usa,usa,usa,panama,0,colony,3,30000,-1,-1,0,0,0,2.5,0.0125,2,"costa_rica, northern_colombia"
puerto_rico,Puerto Rico,caribbean,spain,spain,usa,usa,usa,usa,usa,puerto_rico,0,colony,6,25000,-1,-1,0,0,0,2.5,0.0125,2,
british_antilles,British Antilles,caribbean,britain,britain,britain,britain,britain,britain,britain,antilles,0,colony,2.20000005,10000,-1,-1,0,0,0,7,0.0125,2,
trinidad,Trinidad,caribbean,britain,britain,britain,britain,britain,britain,britain,trinidad,0,colony,3.5,18000,-1,-1,0,0,0,7,0.0125,2,
venezuela,Venezuela,caribbean,venezuela,venezuela,venezuela,venezuela,venezuela,venezuela,venezuela,venezuela,0,country,7,40000,-1,1912,5,4500,500,7,0.0125,2,"northern_colombia, southern_colombia, north_brazil, british_guiana"
virgin_islands,Virgin Islands,caribbean,denmark,denmark,denmark,usa,usa,usa,usa,virgin_islands,0,colony,3,20000,-1,-1,0,0,0,2.5,0.0125,2,
turks_&_caicos_islands,Turks & Caicos Islands,caribbean,britain,britain,britain,britain,britain,britain,britain,caicos,0,colony,1.75,6000,-1,-1,0,0,0,2.5,0.0125,2,
french_guiana,French Guiana,caribbean,france,france,france,france,france,france,france,french_guiana,0,colony,3,20000,-1,-1,0,0,0,2.5,0.0125,2,"suriname, north_brazil"
suriname,Suriname,caribbean,netherlands,netherlands,netherlands,netherlands,netherlands,netherlands,netherlands,suriname,0,colony,4,1000,-1,-1,0,0,0,2.5,0.0125,2,"french_guiana, british_guiana, north_brazil"
angola,Angola,w_africa,portugal,portugal,portugal,portugal,portugal,portugal,portugal,angola,0,colony,5,15000,-1,1930,9,0,120,7,0.0045,2,"southwest_africa, northern_rhodesia, congo_free_state, middle_congo"
southwest_africa,Southwest Africa,s_atlantic,germany,germany,germany,germany,britain,britain,britain,namibia,0,colony,5,20000,-1,-1,0,0,0,7,0.0125,2,"bechuanaland, south_africa, angola"
south_africa,South Africa,s_atlantic,britain,britain,britain,britain,britain,britain,britain,south_africa,0,colony,6,15000,-1,-1,0,0,0,7,0.0125,2,"southwest_africa, bechuanaland, orange_free_state, transvaal"
cameroon,Cameroon,w_africa,germany,germany,germany,germany,france,france,france,cameroon,0,colony,4,25000,-1,1930,4,175,75,7,0.0125,2,"equatorial_guinea, congo_free_state, central_african_republic, chad, nigeria"
congo_free_state,Congo Free State,w_africa,belgium,belgium,belgium,belgium,belgium,belgium,belgium,zaire,0,colony,6.69999981,5000,-1,-1,0,0,0,7,0.0013,2,"central_african_republic, cameroon, middle_congo, angola, northern_rhodesia, tanganyika, uganda, chad, south_sudan, portuguese_congo"
dahomey,Dahomey,w_africa,france,france,france,france,france,france,france,dahomey,0,colony,4,7000,-1,-1,0,0,0,7,0.0125,2,"togoland, nigeria, upper_volta, niger"
gabon,Gabon,w_africa,france,france,france,france,france,france,france,gabon,0,colony,3.70000005,4000,-1,-1,0,0,0,7,0.0125,2,"middle_congo, equatorial_guinea, congo_free_state"
gambia,Gambia,c_atlantic,britain,britain,britain,britain,britain,britain,britain,gambia,0,colony,3,6000,-1,-1,0,0,0,7,0.0125,2,"senegal, french_guinea"
gold_coast,Gold Coast,w_africa,britain,britain,britain,britain,britain,britain,britain,ghana,0,colony,5.80000019,12000,-1,-1,0,0,0,7,0.0125,2,"upper_volta, ivory_coast, togoland"
equatorial_guinea,Equatorial Guinea,w_africa,spain,spain,spain,spain,spain,spain,spain,equatorial_guinea,0,colony,4,6000,-1,-1,0,0,0,7,0.0125,2,"cameroon, gabon"
portuguese_guinea,Portuguese Guinea,c_atlantic,portugal,portugal,portugal,portugal,portugal,portugal,portugal,guinea_bissau,0,colony,5,12000,-1,-1,0,0,0,7,0.0125,2,"french_guinea, senegal"
french_guinea,French Guinea,c_atlantic,france,france,france,france,france,france,france,cayenne,0,colony,5.9000001,14000,-1,-1,0,0,0,7,0.0125,2,"sierra_leone, french_sudan, upper_volta, ivory_coast"
ivory_coast,Ivory Coast,w_africa,france,france,france,france,france,france,france,ivory_coast,0,colony,6,17000,-1,1930,4,175,75,7,0.0125,2,"gold_coast, liberia, french_guinea, french_sudan, upper_volta"
liberia,Liberia,c_atlantic,liberia,liberia,liberia,liberia,liberia,liberia,liberia,liberia,0,country,4,3000,-1,1930,4,175,75,7,0.0125,2,"sierra_leone, french_guinea, ivory_coast"
mauritania,Mauritania,c_atlantic,france,mauritania,france,france,france,france,france,mauritania,0,colony,2,15000,-1,-1,0,0,0,7,0.0125,2,"western_sahara, senegal, french_sudan, southern_algeria"
middle_congo,Middle Congo,w_africa,france,france,france,france,france,france,france,congo,0,colony,4,12000,-1,-1,0,0,0,7,0.0125,2,"gabon, congo_free_state, portuguese_congo, cameroon, central_african_republic"
nigeria,Nigeria,w_africa,britain,britain,britain,britain,britain,britain,britain,nigeria,0,colony,7,36000,-1,1927,5,1550,1500,7,0.0125,2,"dahomey, cameroon, chad, niger"
senegal,Senegal,c_atlantic,france,france,france,france,france,france,france,senegal,0,colony,5,10000,-1,-1,0,0,0,7,0.0125,2,"gambia, mauritania, french_sudan"
sierra_leone,Sierra Leone,c_atlantic,britain,britain,britain,britain,britain,britain,britain,sierra_leone,0,colony,4,3000,-1,-1,0,0,0,7,0.0125,2,"french_guinea, liberia"
togoland,Togoland,w_africa,germany,germany,germany,germany,france,france,france,ghana,0,colony,5.69999981,20000,-1,1930,4,125,75,7,0.0125,2,"dahomey, gold_coast, upper_volta"
cape_verde,Cape Verde,c_atlantic,portugal,portugal,portugal,portugal,portugal,portugal,portugal,cape_verde,0,colony,2,7500,-1,-1,0,0,0,2.5,0.0125,2,
french_sudan,French Sudan,c_atlantic,france,france,france,france,france,france,france,mali,0,colony,4,0,-1,-1,0,0,0,7,0.0125,2,"southern_algeria, mauritania, senegal, french_guinea, ivory_coast, upper_volta, niger"
niger,Niger,w_africa,niger,niger,france,france,france,france,france,niger,0,country,3,0,-1,-1,0,0,0,7,0.0125,2,"southern_algeria, french_sudan, upper_volta, dahomey, nigeria, chad, fezzan-ghadames"
upper_volta,Upper Volta,w_africa,upper_volta,upper_volta,upper_volta,upper_volta,france,france,france,upper_volta,0,country,3.4000001,0,-1,-1,0,0,0,7,0.0125,2,"french_sudan, ivory_coast, gold_coast, togoland, dahomey, niger"
chad,Chad,w_africa,chad,chad,france,france,france,france,france,chad,0,country,2.5,0,-1,-1,0,0,0,7,0.0125,2,"fezzan-ghadames, cyrenaica, niger, nigeria, cameroon, central_african_republic, sudan"
central_african_republic,Central African Republic,w_africa,central_african_republic,central_african_republic,france,france,france,france,france,central_african_republic,0,country,2.20000005,0,-1,-1,0,0,0,7,0.0125,2,"chad, cameroon, congo_free_state, sudan, south_sudan"
central_usa,Central USA,n_am_west,usa,usa,usa,usa,usa,usa,usa,usa,1,home,9,0,-1,1890,100,1000,500,7,0.0125,2,"canadian_prairies, southeastern_seaboard, western_usa, gulf_coast, eastern_usa"
bolivia,Bolivia,s_am_west,bolivia,bolivia,bolivia,bolivia,bolivia,bolivia,bolivia,bolivia,0,country,4,0,-1,-1,0,0,0,7,0.0125,2,"peru, north_brazil, south_brazil, chile, argentina, paraguay"
paraguay,Paraguay,s_am_west,paraguay,paraguay,paraguay,paraguay,paraguay,paraguay,paraguay,paraguay,0,country,3,0,-1,-1,0,0,0,7,0.0125,2,"south_brazil, bolivia, argentina, uruguay"
bechuanaland,Bechuanaland,s_atlantic,britain,britain,britain,britain,britain,britain,britain,botswana,0,colony,3.5,0,-1,-1,0,0,0,2.5,0.0125,2,"southwest_africa, southern_rhodesia, south_africa"
luxembourg,Luxembourg,n_sea,luxembourg,luxembourg,luxembourg,luxembourg,luxembourg,luxembourg,luxembourg,luxembourg,0,country,4.5,0,-1,-1,0,0,0,2.5,0.059999999,2,"belgium, northern_france, western_germany, southern_germany"
southern_germany,Southern Germany,n_sea,germany,germany,germany,germany,germany,germany,germany,germany,1,home,25,0,-1,-1,0,0,0,7,0.029999999,2,"switzerland, austria, luxembourg, northern_france, western_germany, eastern_germany, bohemia-moravia"
transjordania,Transjordania,medit,ottoman,ottoman,ottoman,ottoman,jordan,jordan,jordan,jordan,0,colony,3.5999999,0,-1,-1,0,0,0,7,0.0125,2,"palestine, syria, iraq, arabia, hejaz"
mongolia,Mongolia,japan_sea,china,china,china,china,mongolia,mongolia,mongolia,mongolia,0,colony,2,0,-1,-1,0,0,0,7,0.0125,3,"xinjiang, siberian_russia, northern_china"
manchuria,Manchuria,japan_sea,china,china,china,china,china,china,japan,china,1,home,7,0,-1,1930,15,2000,2000,7,0.0125,2,"northern_china, russian_far_east, liaodong_peninsula, northeast_korea"
siberian_russia,Siberian Russia,οkhotsk_sea,russia,russia,russia,russia,russia,russia,russia,russia,1,home,7.5,0,-1,1925,15,4000,2000,2.5,0.0125,5,"central_russia, china, mongolia, kazakhstan, russian_far_east, northern_russia, eastern_siberia, southern_siberia"
laos,Laos,se_asia,laos,laos,france,france,france,france,france,laos,0,country,2.70000005,0,-1,-1,0,0,0,10,0.029999999,3,"tonkin, southern_china, burma, thailand, annam"
bosporus,Bosporus,b_sea,ottoman,ottoman,ottoman,ottoman,ottoman,ottoman,ottoman,ottoman,0,country,8,80000,-1,-1,0,0,0,2.5,0.029999999,2,"dardanelles, eastern_rumelia, northern_greece, northern_turkey"
eastern_turkey,Eastern Turkey,b_sea,ottoman,ottoman,ottoman,ottoman,ottoman,ottoman,ottoman,ottoman,0,country,9,80000,-1,1930,1,150,100,6,0.119999997,2,"western_turkey, northern_turkey, southern_turkey, syria, georgia, armenia, persia, iraq"
northern_ireland,Northern Ireland,irish_sea,britain,britain,britain,britain,britain,britain,britain,ireland,1,home,5,25000,-1,-1,0,0,0,15,0.029999999,2,
northern_china,Northern China,yellow_sea,china,china,china,china,china,china,china,china,1,home,11,0,-1,1890,100,1500,2000,15,0.015,2,"manchuria, mongolia, xinjiang, central_china, northeast_china"
northeast_china,Northeast China,yellow_sea,china,china,china,china,china,china,china,china,1,home,20,120000,-1,1890,100,2000,2000,7,0.015,2,"liaodong_peninsula, kiautschou_bay, weihaiwei, eastern_china, central_china, northern_china"
eastern_china,Eastern China,east_asia,china,china,china,china,china,china,china,china,1,home,25,120000,-1,1890,100,2000,2000,7,0.015,2,"northeast_china, central_china, southern_china"
central_china,Central China,east_asia,china,china,china,china,china,china,china,china,1,home,10,0,-1,1930,1,200,1000,7,0.015,2,"northern_china, northeast_china, eastern_china, tibet, xinjiang, southern_china"
southern_china,Southern China,se_asia,china,china,china,china,china,china,china,china,1,home,15,75000,-1,1920,5,1750,2000,7,0.015,2,"central_china, burma, tonkin, laos, kwang-chou-wan, hong_kong"
north_hokkaido,North Hokkaido,japan_sea,japan,japan,japan,japan,japan,japan,japan,japan,1,home,2,45000,-1,-1,0,0,0,7,0.0125,3,south_hokkaido
south_hokkaido,South Hokkaido,ne_asia,japan,japan,japan,japan,japan,japan,japan,japan,1,home,3,45000,-1,-1,0,0,0,7,0.0125,3,north_hokkaido
north_honshu,North Honshu,japan_sea,japan,japan,japan,japan,japan,japan,japan,japan,1,home,11,145000,-1,-1,0,0,0,7,0.0125,3,south_honshu
south_honshu,South Honshu,ne_asia,japan,japan,japan,japan,japan,japan,japan,japan,1,home,13,145000,-1,-1,0,0,0,7,0.0125,3,north_honshu
kyushu,Kyushu,east_asia,japan,japan,japan,japan,japan,japan,japan,japan,1,home,3,145000,-1,-1,0,0,0,7,0.0125,3,
shikoku,Shikoku,ne_asia,japan,japan,japan,japan,japan,japan,japan,japan,1,home,2.5,145000,-1,-1,0,0,0,7,0.0125,3,
okinawa_islands,Okinawa Islands,east_asia,japan,japan,japan,japan,japan,japan,japan,japan,1,home,1.5,45000,-1,-1,0,0,0,7,0.0125,3,
southern_alaska,Southern Alaska,alaska_gulf,usa,usa,usa,usa,usa,usa,usa,alaska,0,colony,1,25000,-1,1930,5,950,400,2.5,0.0125,2,"northern_canada, british_columbia, northern_alaska"
eastern_siberia,Eastern Siberia,bering_sea,russia,russia,russia,russia,russia,russia,russia,russia,1,home,0.400000006,0,-1,1930,1,1000,500,2.5,0.0125,5,"kamchatka, siberian_russia, southern_siberia"
northern_alaska,Northern Alaska,bering_sea,usa,usa,usa,usa,usa,usa,usa,alaska,1,home,0.5,0,-1,1930,3,1000,500,2.5,0.0125,5,southern_alaska
bahrain,Bahrain,persian_gulf,britain,britain,britain,britain,britain,britain,britain,bahrain,0,colony,4,1000,-1,1925,5,1250,400,2.5,0.0125,2,"qatar, arabia"
burma,Burma,benghal_sea,britain,britain,britain,britain,britain,britain,britain,burma,0,colony,5,1000,-1,1890,100,900,500,2.5,0.0125,2,"bangladesh, laos, southern_china, thailand"
qatar,Qatar,persian_gulf,ottoman,ottoman,ottoman,ottoman,britain,britain,britain,qatar,0,colony,2,2000,-1,1930,5,1700,500,2.5,0.033,2,"bahrain, arabia"
ceylon,Ceylon,benghal_sea,britain,britain,britain,britain,britain,britain,britain,ceylon,0,colony,4.19999981,1000,-1,-1,0,0,0,2.5,0.0125,2,
djibouti,Djibouti,arabian_sea,france,france,france,france,france,france,france,djibouti,0,colony,4,1000,-1,1930,5,350,100,2.5,0.0125,2,"eritrea, ethiopia, british_somaliland"
eritrea,Eritrea,red_sea,italy,italy,italy,italy,italy,italy,italy,eritrea,0,colony,3,3000,-1,1930,5,400,100,2.5,0.0125,2,"djibouti, sudan, ethiopia"
western_india,Western India,arabian_sea,britain,britain,britain,britain,britain,britain,britain,india,0,colony,10,80000,-1,1890,100,250,1000,15,0.0125,2,"pakistan, northern_india, eastern_india"
eastern_india,Eastern India,benghal_sea,britain,britain,britain,britain,britain,britain,britain,india,0,colony,12,80000,-1,1890,100,550,1000,15,0.0125,2,"western_india, bangladesh, northern_india, north-east_frontier"
northern_india,Northern India,benghal_sea,britain,britain,britain,britain,britain,britain,britain,india,0,colony,9,80000,-1,1890,0,0,0,2.5,0.0125,2,"pakistan, bangladesh, kashmir, nepal, western_india, eastern_india"
pakistan,Pakistan,arabian_sea,britain,britain,britain,britain,pakistan,pakistan,pakistan,pakistan,0,colony,6.5,80000,-1,1930,5,400,30,2.5,0.0125,2,"western_india, northern_india, afghanistan, kashmir, persia"
bangladesh,Bangladesh,benghal_sea,britain,britain,britain,britain,britain,britain,britain,bangladesh,0,colony,4.5,80000,-1,-1,0,0,0,2.5,0.0125,2,"bhutan, northern_india, eastern_india, burma"
kashmir,Kashmir,benghal_sea,britain,britain,britain,britain,britain,britain,britain,sikh,0,colony,3.5,0,-1,1930,5,700,200,2.5,0.0125,2,"pakistan, northern_india, tibet, xinjiang, afghanistan"
andaman_islands,Andaman Islands,benghal_sea,britain,britain,britain,britain,britain,britain,britain,india,0,colony,0.5,5000,-1,-1,0,0,0,2.5,0.0125,2,
persia,Persia,persian_gulf,persia,persia,persia,persia,persia,persia,persia,persia,0,country,10,25000,-1,1905,15,4600,2000,7,0.0125,2,"turkmenistan, afghanistan, pakistan, iraq, eastern_turkey, armenia, azerbaijan"
iraq,Iraq,persian_gulf,ottoman,ottoman,ottoman,ottoman,britain,iraq,iraq,iraq,0,colony,6.80000019,13000,-1,1910,25,3500,2000,7,0.033,2,"eastern_turkey, syria, transjordania, arabia, kuwait"
kuwait,Kuwait,persian_gulf,ottoman,ottoman,ottoman,ottoman,kuwait,kuwait,kuwait,kuwait,0,colony,3.5,20000,-1,1930,10,2500,2000,2.5,0.033,2,"iraq, arabia"
british_east_africa,British East Africa,indian_west,britain,britain,britain,britain,britain,britain,britain,kenya,0,colony,4,1000,-1,-1,0,0,0,2.5,0.0125,2,"italian_somaliland, ethiopia, south_sudan, uganda, tanganyika"
maldives,Maldives,arabian_sea,britain,britain,britain,britain,britain,britain,britain,maldives,0,colony,1.20000005,4000,-1,-1,0,0,0,2.5,0.0125,2,
seychelles,Seychelles,indian_west,britain,britain,britain,britain,britain,britain,britain,seychelles,0,colony,0.800000012,3000,-1,-1,0,0,0,2.5,0.0125,2,
comoros,Comoros,indian_west,france,france,france,france,france,france,france,comoros,0,colony,1.39999998,3000,-1,-1,0,0,0,2.5,0.0125,2,
mauritius,Mauritius,indian_west,britain,britain,britain,britain,britain,britain,britain,mauritius,0,colony,1.45000005,5500,-1,-1,0,0,0,2.5,0.0125,2,
reunion,Réunion,indian_west,france,france,france,france,france,france,france,reunion,0,colony,1.35000002,4500,-1,-1,0,0,0,2.5,0.0125,2,
madagascar,Madagascar,indian_west,france,madagascar,france,france,france,france,france,madagascar,0,colony,5,5000,-1,-1,0,0,0,2.5,0.0085,2,
mozambique,Mozambique,indian_west,portugal,portugal,portugal,portugal,portugal,portugal,portugal,mozambique,0,colony,5,2000,-1,-1,0,0,0,2.5,0.005,2,"tanganyika, nyasaland, southern_rhodesia, transvaal, south_africa"
oman,Oman,arabian_sea,oman,oman,oman,oman,oman,oman,oman,oman,0,country,3,2000,-1,1935,2,800,1000,7,0.0125,2,"trucial_states, arabia, yemen"
arabia,Arabia,persian_gulf,arabia,arabia,arabia,arabia,arabia,arabia,arabia,arabia,0,country,4.80000019,12000,-1,1930,20,10000,2000,15,0.015,2,"transjordania, iraq, kuwait, bahrain, qatar, trucial_states, oman, yemen, hejaz"
hejaz,Hejaz,red_sea,ottoman,ottoman,ottoman,ottoman,arabia,arabia,arabia,arabia,0,colony,5,20000,-1,1935,1,500,1000,15,0.015,2,"arabia, transjordania, yemen"
british_somaliland,British Somaliland,arabian_sea,britain,britain,britain,britain,britain,britain,britain,somalia,0,colony,2,12000,-1,1930,4,400,100,2.5,0.0125,2,"djibouti, italian_somaliland, ethiopia"
italian_somaliland,Italian Somaliland,indian_west,italy,italy,italy,italy,italy,italy,italy,somalia,0,colony,3,1000,-1,1930,3,400,100,2.5,0.0125,2,"british_somaliland, ethiopia, british_east_africa"
sudan,Sudan,red_sea,sudan,sudan,britain,britain,britain,britain,britain,sudan,0,country,5,5000,-1,1930,5,400,500,2.5,0.0125,2,"south_egypt, cyrenaica, chad, central_african_republic, uganda, ethiopia, eritrea, south_sudan"
tanganyika,Tanganyika,indian_west,germany,germany,germany,germany,britain,britain,britain,tanganyika,0,colony,5,1000,-1,1930,4,400,100,2.5,0.0125,2,"british_east_africa, uganda, congo_free_state, northern_rhodesia, nyasaland, mozambique"
trucial_states,Trucial States,persian_gulf,britain,britain,britain,britain,britain,britain,britain,uae,0,colony,1.20000005,1000,-1,1930,5,600,500,2.5,0.0125,2,"arabia, oman"
yemen,Yemen,arabian_sea,ottoman,ottoman,ottoman,ottoman,yemen,yemen,yemen,yemen,0,colony,3,1000,-1,1930,4,400,100,2.5,0.035,2,"arabia, oman, hejaz"
zanzibar,Zanzibar,indian_west,britain,britain,britain,britain,britain,britain,britain,zanzibar,0,colony,1.5,1000,-1,1930,10,90,100,2.5,0.0125,2,
kerguelen_islands,Kerguelen Islands,indian_south,france,france,france,france,france,france,france,taaf,0,colony,0.100000001,3000,-1,1930,4,200,100,2.5,0.0125,2,
northeast_korea,Northeast Korea,japan_sea,korean_kingdom,korean_empire,japan,japan,japan,japan,japan,korean_empire,0,colony,5.5,35000,-1,-1,0,0,0,7,0.035,2,"southeast_korea, northwest_korea, liaodong_peninsula, manchuria"
northwest_korea,Northwest Korea,yellow_sea,korean_kingdom,korean_empire,japan,japan,japan,japan,japan,korean_empire,0,colony,4.5,35000,-1,-1,0,0,0,7,0.035,2,"southwest_korea, southeast_korea, northeast_korea, liaodong_peninsula"
southeast_korea,Southeast Korea,japan_sea,korean_kingdom,korean_empire,japan,japan,japan,japan,japan,korean_empire,0,colony,4.5,50000,-1,-1,0,0,0,7,0.035,2,"northwest_korea, northeast_korea, southwest_korea"
southwest_korea,Southwest Korea,yellow_sea,korean_kingdom,korean_empire,japan,japan,japan,japan,japan,korean_empire,0,colony,6.5,50000,-1,-1,0,0,0,7,0.035,2,"northwest_korea, southeast_korea"
northern_australia,Northern Australia,indonesian_sea,britain,britain,britain,australia,australia,australia,australia,australia,1,home,7,30000,-1,1920,1,525,250,2.5,0.0125,2,"eastern_australia, western_australia"
western_australia,Western Australia,indian_east,britain,britain,britain,australia,australia,australia,australia,australia,1,home,4,20000,-1,1920,5,525,250,2.5,0.0125,2,"eastern_australia, northern_australia"
eastern_australia,Eastern Australia,oceania_south,britain,britain,britain,australia,australia,australia,australia,australia,1,home,3,20000,-1,1920,5,525,250,2.5,0.0125,2,"western_australia, northern_australia"
tasmania,Tasmania,oceania_south,britain,britain,britain,australia,australia,australia,australia,tasmania,0,colony,1.70000005,15000,-1,1930,1,200,100,2.5,0.0125,2,
bismarck_archipelago,Bismarck Archipelago,oceania_north,germany,germany,germany,germany,australia,australia,australia,bismarck_archipelago,0,colony,3,25000,-1,-1,0,0,0,2.5,0.0125,2,
caroline_islands,Caroline Islands,oceania_north,spain,spain,germany,germany,japan,japan,japan,caroline_islands,0,colony,2,15000,-1,1925,1,150,100,2.5,0.0125,2,
dutch_new_guinea,Dutch New Guinea,oceania_north,netherlands,netherlands,netherlands,netherlands,netherlands,netherlands,netherlands,dutch_new_guinea,0,colony,5,3000,-1,1930,5,600,500,2.5,0.0125,2,territory_of_papua
german_new_guinea,German New Guinea,oceania_north,germany,germany,germany,germany,australia,australia,australia,200,0,colony,5,15000,-1,1911,6,400,200,2.5,0.0125,2,
guam,Guam,philip_sea,spain,spain,usa,usa,usa,usa,usa,guam,0,colony,0.5,20000,-1,-1,0,0,0,2.5,0.025,2,
new_zealand,New Zealand,oceania_south,britain,britain,britain,britain,britain,britain,britain,new_zealand,0,colony,3.70000005,3000,-1,1930,4,250,100,2.5,0.0125,2,
northern_marianas,Northern Marianas,philip_sea,spain,spain,germany,germany,japan,japan,japan,northern_marianas,0,colony,0.699999988,10000,-1,-1,0,0,0,2.5,0.0125,2,
solomon_islands,Solomon Islands,oceania_north,germany,germany,britain,britain,britain,britain,britain,solomon_islands,0,colony,2.5,25000,-1,-1,0,0,0,2.5,0.0125,2,
territory_of_papua,Territory of Papua,oceania_north,britain,britain,britain,britain,britain,britain,britain,papua,0,colony,3,1000,-1,1912,2,300,0,2.5,0.0125,2,dutch_new_guinea
ethiopia,Ethiopia,arabian_sea,ethiopia,ethiopia,ethiopia,ethiopia,ethiopia,ethiopia,italy,ethiopia,0,country,5,0,-1,-1,0,0,0,7,0.0125,2,"eritrea, djibouti, british_somaliland, italian_somaliland, british_east_africa, sudan, south_sudan"
uganda,Uganda,indian_west,britain,uganda,britain,britain,britain,britain,britain,uganda,0,colony,3,0,-1,-1,0,0,0,7,0.0125,2,"british_east_africa, tanganyika, congo_free_state, south_sudan"
nyasaland,Nyasaland,indian_west,britain,nyasaland,nyasaland,britain,britain,britain,britain,nyasaland,0,colony,2,0,-1,-1,0,0,0,2.5,0.0125,2,"mozambique, tanganyika, northern_rhodesia"
southern_rhodesia,Southern Rhodesia,indian_west,zimbabwe,zimbabwe,zimbabwe,zimbabwe,britain,britain,britain,zimbabwe,0,country,3.9000001,0,-1,-1,0,0,0,2.5,0.0125,2,"northern_rhodesia, mozambique, bechuanaland, south_africa"
northern_rhodesia,Northern Rhodesia,indian_west,zambia,zambia,zambia,britain,britain,britain,britain,zambia,0,country,4.0999999,0,-1,-1,0,0,0,2.5,0.0125,2,"southern_rhodesia, nyasaland, mozambique, angola, congo_free_state, tanganyika"
orange_free_state,Orange Free State,indian_west,boer,boer,boer,britain,britain,britain,britain,boer,0,country,2.9000001,0,-1,-1,0,0,0,35,0.005,2,"south_africa, basutoland, transvaal"
transvaal,Transvaal,indian_west,transvaal,transvaal,transvaal,britain,britain,britain,britain,transvaal,0,country,3.5,0,-1,-1,0,0,0,35,0.005,2,"south_africa, mozambique, swaziland"
afghanistan,Afghanistan,arabian_sea,afghanistan,afghanistan,afghanistan,afghanistan,afghanistan,afghanistan,afghanistan,afghanistan,0,country,4,0,-1,1930,4,550,250,45,0.006,6,"persia, india, pakistan, turkmenistan, kashmir, xinjiang, tajikistan, uzbekistan"
nepal,Nepal,benghal_sea,nepal,nepal,nepal,nepal,nepal,nepal,nepal,nepal,0,country,3,0,-1,-1,0,0,0,25,0.0125,6,"tibet, bhutan, northern_india"
bhutan,Bhutan,benghal_sea,bhutan,bhutan,bhutan,bhutan,bhutan,bhutan,bhutan,bhutan,0,country,1.5,0,-1,-1,0,0,0,2,0.0125,6,"tibet, northern_india, north-east_frontier"
tibet,Tibet,benghal_sea,china,china,china,china,tibet,tibet,tibet,tibet,1,home,5,0,-1,1920,0.005,750,500,15,0.01,5,"nepal, kashmir, northern_india, xinjiang, central_china, bhutan, north-east_frontier"
xinjiang,Xinjiang,benghal_sea,china,china,china,china,xinjiang,xinjiang,china,xinjiang,1,home,9,0,-1,1920,5,3500,500,12,0.015,3,"afghanistan, tajikistan, kazakhstan, kyrgyzstan, kashmir, central_china, mongolia, siberian_russia, northern_china"
kazakhstan,Kazakhstan,arabian_sea,russia,russia,russia,russia,kazakhstan,russia,russia,kazakhstan,0,colony,5.5,0,-1,1897,15,650,2000,10,0.0125,3,"central_russia, xinjiang, southern_russia, siberian_russia, uzbekistan, kyrgyzstan"
uzbekistan,Uzbekistan,arabian_sea,russia,russia,russia,russia,uzbekistan,russia,russia,uzbekistan,0,colony,2.75,0,-1,1930,2,400,2000,10,0.0125,3,"kazakhstan, turkmenistan, tajikistan, kyrgyzstan"
turkmenistan,Turkmenistan,arabian_sea,russia,russia,russia,russia,turkmenistan,russia,russia,turkmenistan,0,colony,3,0,-1,1900,5,400,250,10,0.0125,3,"uzbekistan, afghanistan, persia"
kyrgyzstan,Kyrgyzstan,arabian_sea,russia,russia,russia,russia,kyrgyzstan,russia,russia,kyrgyzstan,0,colony,2,0,-1,1910,10,200,100,10,0.0125,3,"kazakhstan, uzbekistan, tajikistan, xinjiang"
tajikistan,Tajikistan,arabian_sea,russia,russia,russia,russia,tajikistan,russia,russia,tajikistan,0,colony,2.5,0,-1,1930,5,75,35,10,0.0125,3,"kyrgyzstan, uzbekistan, afghanistan, xinjiang"
albania,Albania,adriatic,ottoman,ottoman,ottoman,ottoman,italy,albania,albania,albania,0,colony,3,2000,-1,1930,10,100,100,7,0.033,3,"northern_greece, central_balkans, montenegro, kosovo"
galicia,Galicia,adriatic,austria,austria,austria,austria,slovakia,slovakia,slovakia,slovakia,1,home,17.5,180000,-1,1893,55,100,320,2.5,0.0125,3,"eastern_poland, bohemia-moravia, austria, hungary, ukraine"
bohemia-moravia,Bohemia-Moravia,adriatic,austria,austria,austria,austria,czechia,czechia,czechia,czechia,1,home,10.5,180000,-1,-1,0,0,0,7,0.0125,3,"galicia, austria, southern_germany, eastern_germany, eastern_poland"
hungary,Hungary,adriatic,austria,austria,austria,austria,austria,austria,austria,hungary,1,home,25.5,180000,-1,-1,0,0,0,7,0.0125,3,"austria, galicia, slovenia, croatia, serbia, romania, ukraine"
austria,Austria,adriatic,austria,austria,austria,austria,austria,austria,austria,austrianew,1,home,25.5,180000,-1,-1,0,0,0,7,0.050000001,3,"hungary, northeast_italy, switzerland, southern_germany, bohemia-moravia, galicia"
croatia,Croatia,adriatic,austria,austria,austria,austria,austria,austria,austria,croatia,1,home,12.5,120000,-1,-1,0,0,0,7,0.050000001,2,"hungary, slovenia, serbia, montenegro, bosnia_&_herzegovina"
slovenia,Slovenia,adriatic,austria,austria,austria,austria,austria,austria,austria,slovenia,1,home,4.5,0,-1,-1,0,0,0,7,0.050000001,2,"northeast_italy, austria, hungary, croatia"
bosnia_&_herzegovina,Bosnia & Herzegovina,adriatic,austria,austria,austria,austria,austria,austria,austria,bosnia,1,home,5,0,-1,-1,0,0,0,7,0.050000001,2,"croatia, serbia, montenegro"
dardanelles,Dardanelles,aegean,ottoman,ottoman,ottoman,ottoman,ottoman,ottoman,ottoman,ottoman,0,country,2,80000,-1,-1,0,0,0,2.5,0.029999999,2,"bosporus, western_turkey"
western_turkey,Western Turkey,aegean,ottoman,ottoman,ottoman,ottoman,greece,ottoman,ottoman,ottoman,0,country,6,80000,-1,1930,1,150,100,6,0.119999997,2,"dardanelles, southern_turkey, northern_turkey"
northern_greece,Northern Greece,aegean,ottoman,ottoman,ottoman,ottoman,greece,greece,greece,greece,0,colony,8.5,30000,-1,-1,0,0,0,33,0.050000001,5,"bosporus, eastern_rumelia, central_balkans, albania, southern_greece"
southern_greece,Southern Greece,aegean,greece,greece,greece,greece,greece,greece,greece,greece,0,country,10,35000,-1,1930,1,200,100,33,0.061000001,5,northern_greece
crete,Crete,aegean,greece,ottoman,greece,greece,greece,greece,greece,greece,0,country,3,35000,-1,1930,2,200,100,33,0.059999999,8,
northeast_italy,Northeast Italy,adriatic,italy,italy,italy,italy,italy,italy,italy,italy,1,home,27,100000,-1,-1,0,0,0,7,0.0125,2,"austria, croatia, switzerland, northwest_italy, central_italy"
southern_italy,Southern Italy,adriatic,italy,italy,italy,italy,italy,italy,italy,italy,1,home,20,120000,-1,-1,0,0,0,7,0.029999999,2,central_italy
central_italy,Central Italy,medit2,italy,italy,italy,italy,italy,italy,italy,italy,1,home,24,80000,-1,-1,0,0,0,7,0.029999999,2,"northwest_italy, northeast_italy"
malta,Malta,medit3,britain,britain,britain,britain,britain,britain,britain,malta,0,colony,2,25000,-1,-1,0,0,0,2.5,0.0125,2,
montenegro,Montenegro,adriatic,montenegro,montenegro,montenegro,montenegro,montenegro,montenegro,montenegro,serbia,0,colony,2,8000,-1,-1,0,0,0,2.5,0.02,3,"croatia, bosnia_&_herzegovina, serbia, central_balkans, kosovo"
dodecanese,Dodecanese,aegean,ottoman,ottoman,ottoman,ottoman,italy,italy,italy,greece,0,colony,2,20000,-1,-1,0,0,0,2.5,0.029999999,6,
eastern_sicily,Eastern Sicily,medit3,italy,italy,italy,italy,italy,italy,italy,italy,1,home,7,45000,-1,1930,2,100,60,2.5,0.029999999,2,western_sicily
tunisia,Tunisia,medit3,france,france,france,france,france,france,france,tunisia,0,colony,3,20000,-1,1930,5,375,200,7,0.01,2,"tripolitania, northern_algeria"
switzerland,Switzerland,adriatic,switzerland,switzerland,switzerland,switzerland,switzerland,switzerland,switzerland,switzerland,0,country,15,0,-1,-1,0,0,0,2.5,0.029999999,7,"southern_germany, southern_france, northern_france, austria, northeast_italy, northwest_italy"
serbia,Serbia,adriatic,serbia,serbia,serbia,serbia,serbia,serbia,serbia,serbia,0,country,5,0,-1,-1,0,0,0,2.5,0.039999999,3,"bosnia_&_herzegovina, croatia, montenegro, central_balkans, romania, hungary, kosovo"
central_balkans,Central Balkans,adriatic,ottoman,ottoman,ottoman,ottoman,central_balkans,central_balkans,central_balkans,serbia,0,colony,3.5,0,-1,-1,0,0,0,7,0.02,2.5,"northern_greece, bulgaria, eastern_rumelia, serbia, albania, montenegro, kosovo"
east_greenland,East Greenland,denmark_strait,denmark,denmark,denmark,denmark,denmark,denmark,denmark,greenland,0,colony,0.5,7000,-1,1920,1,900,500,2.5,0.0125,2,west_greenland
west_greenland,West Greenland,labrador_sea,denmark,denmark,denmark,denmark,denmark,denmark,denmark,greenland,0,colony,0.5,7000,-1,1920,1,900,500,2.5,0.0125,2,east_greenland
central_canada,Central Canada,n_am_east,canada,canada,canada,canada,canada,canada,canada,canada,0,country,7.5,100000,-1,-1,0,0,0,2.5,0.0125,2,"central_usa, eastern_usa, maine, new_brunswick, new_foundland, canadian_prairies, northern_canada"
canadian_prairies,Canadian Prairies,n_am_east,canada,canada,canada,canada,canada,canada,canada,canada,0,country,2.5,100000,-1,1890,100,550,1200,2.5,0.0125,2,"central_usa, eastern_usa, maine, new_brunswick, new_foundland, western_usa, british_columbia"
northern_canada,Northern Canada,labrador_sea,canada,canada,canada,canada,canada,canada,canada,canada,0,country,1.5,100000,-1,1920,2,1000,500,2.5,0.0125,2,"british_columbia, central_canada, southern_alaska, northern_alaska"
south_sudan,South Sudan,red_sea,sudan,sudan,britain,britain,britain,britain,britain,sudan,0,country,3,0,-1,1930,3,600,700,2.5,0.0125,2,"sudan, central_african_republic, ethiopia, uganda, congo_free_state"
north_sakhalin,North Sakhalin,οkhotsk_sea,russia,russia,russia,russia,russia,russia,russia,sakhalin,0,colony,3.5,40000,-1,1920,2,400,500,3,0.0125,2,south_sakhalin
south_sakhalin,South Sakhalin,japan_sea,russia,russia,russia,japan,japan,japan,japan,sakhalin,0,colony,2.5,40000,-1,1920,2,400,500,3,0.0125,2,north_sakhalin
tripolitania,Tripolitania,medit3,ottoman,ottoman,ottoman,ottoman,italy,italy,italy,libya,0,colony,3,25000,-1,1925,5,850,1000,15,0.029999999,1.5,"tunisia, southern_algeria, cyrenaica, fezzan-ghadames"
cyrenaica,Cyrenaica,medit3,ottoman,ottoman,ottoman,ottoman,italy,italy,italy,libya,0,colony,3.5,25000,-1,1925,10,1100,1000,15,0.029999999,1.5,"north_egypt, south_egypt, sudan, chad"
fezzan-ghadames,Fezzan-Ghadames,medit3,ottoman,ottoman,ottoman,ottoman,italy,italy,italy,libya,0,colony,2,25000,-1,1925,7,750,1000,15,0.029999999,1.5,"tripolitania, cyrenaica, chad, niger, southern_algeria"
northern_algeria,Northern Algeria,medit2,france,france,france,france,france,france,france,algeria,0,colony,4,4000,-1,1930,5,200,100,7,0.0125,2,"southern_algeria, tunisia, tripolitania, morocco"
southern_algeria,Southern Algeria,medit2,neutral,neutral,neutral,france,france,france,france,algeria,0,colony,1.5,4000,-1,1930,2,300,100,7,0.0125,2,"northern_algeria, tunisia, tripolitania, niger, french_sudan, mauritania, western_sahara, morocco"
north_egypt,Northern Egypt,medit,ottoman,ottoman,ottoman,ottoman,britain,britain,britain,egypt,0,colony,12,45000,-1,1890,100,950,1000,15,0.029999999,1.5,"palestine, cyrenaica"
south_egypt,Southern Egypt,red_sea,ottoman,ottoman,ottoman,ottoman,britain,britain,britain,egypt,0,colony,8,25000,-1,1912,10,450,1000,15,0.029999999,1.5,"cyrenaica, sudan"
north_brazil,Northern Brazil,c_atlantic,brazil,brazil,brazil,brazil,brazil,brazil,brazil,brazil,0,country,7.5,45000,-1,1930,5,800,300,7,0.029999999,2,"french_guiana, suriname, british_guiana, venezuela, southern_colombia, peru, bolivia, south_brazil"
south_brazil,Southern Brazil,s_am_east,brazil,brazil,brazil,brazil,brazil,brazil,brazil,brazil,0,country,9.5,45000,-1,1930,5,800,300,7,0.029999999,2,"uruguay, paraguay, argentina,, bolivia"
eastern_sweden,Eastern Sweden,baltic,sweden,sweden,sweden,sweden,sweden,sweden,sweden,sweden,0,country,6,75000,-1,-1,0,0,0,7,0.039000001,3,"western_sweden, northern_norway, southern_norway, northern_finland"
western_sweden,Western Sweden,n_sea,sweden,sweden,sweden,sweden,sweden,sweden,sweden,sweden,0,country,6,75000,-1,-1,0,0,0,7,0.039000001,3,"eastern_sweden, southern_norway"
northern_norway,Northern Norway,arctic,norway,norway,norway,norway,norway,norway,norway,norway,0,country,6,60000,-1,1930,5,200,150,7,0.055,3,"eastern_sweden, southern_norway"
southern_norway,Southern Norway,n_sea,norway,norway,norway,norway,norway,norway,norway,norway,0,country,6,60000,-1,1930,5,200,150,7,0.050000001,3,"western_sweden, eastern_sweden, northern_norway"
eastern_denmark,Eastern Denmark,baltic,denmark,denmark,denmark,denmark,denmark,denmark,denmark,denmark,0,country,5,40000,-1,1925,2,200,100,5,0.029999999,4,"western_germany, eastern_germany, western_denmark"
western_denmark,Western Denmark,n_sea,denmark,denmark,denmark,denmark,denmark,denmark,denmark,denmark,0,country,4.5,30000,-1,1925,2,200,100,5,0.029999999,4,"western_germany, eastern_germany, eastern_denmark"
northern_finland,Northern Finland,baltic,russia,russia,russia,russia,finland,finland,finland,finland,0,colony,3,40000,-1,1930,3,400,100,7,0.029999999,3,"eastern_sweden, northern_russia, northern_norway, southern_finland"
southern_finland,Southern Finland,baltic,russia,russia,russia,russia,finland,finland,finland,finland,0,colony,4,40000,-1,1930,3,400,100,7,0.029999999,3,"northern_russia, northern_finland, central_russia"
northern_russia,Northern Russia,arctic,russia,russia,russia,russia,russia,russia,russia,russia,1,home,4,150000,-1,1925,15,1000,2500,7,0.029999999,3,"northern_finland, southern_finland, esthonia, latvia, belarus, ukraine, southern_russia, siberian_russia, kazakhstan"
crimaia,Crimea,b_sea,russia,russia,russia,russia,ukraine,russia,russia,ukraine,1,home,5,90000,-1,1930,1,900,200,7,0.029999999,2,ukraine
new_foundland,Newfoundland,labrador_sea,britain,britain,britain,britain,britain,britain,britain,canada,0,colony,3,30000,-1,-1,0,0,0,2.5,0.0125,2,central_canada
west_phillipinnes,West Philippines,se_asia,spain,spain,usa,usa,usa,usa,usa,phillipinnes,0,colony,5,35000,-1,1895,4,100,100,7,0.0125,2,
east_phillipinnes,East Philippines,philip_sea,spain,spain,usa,usa,usa,usa,usa,phillipinnes,0,colony,4,35000,-1,1895,4,100,100,7,0.0125,2,
portuguese_congo,Portuguese Congo,w_africa,portugal,portugal,portugal,portugal,portugal,portugal,portugal,congo,0,colony,1.20000005,12000,-1,1930,1,100,100,7,0.0125,2,"middle_congo, congo_free_state"
swaziland,Swaziland,indian_west,transvaal,transvaal,transvaal,britain,britain,britain,britain,swaziland,0,colony,1.29999995,0,-1,-1,0,0,0,15,0.005,2,"south_africa, transvaal"
basutoland,Basutoland,indian_west,britain,britain,britain,britain,britain,britain,britain,lesotho,0,colony,1.20000005,0,-1,-1,0,0,0,15,0.005,2,"south_africa, orange_free_state"
rwanda,Rwanda,indian_west,germany,germany,germany,germany,britain,britain,britain,rwanda,0,colony,1.20000005,1000,-1,1930,1,100,70,2.5,0.0125,2,"uganda, congo_free_state, tanganyika, burundi"
burundi,Burundi,indian_west,germany,germany,germany,germany,britain,britain,britain,rwanda,0,colony,1.10000002,1000,-1,1930,1,100,70,2.5,0.0125,2,"rwanda, congo_free_state, tanganyika"
esthonia,Estonia,baltic,russia,russia,russia,russia,esthonia,esthonia,esthonia,esthonia,1,home,2.5,120000,-1,-1,0,0,0,5,0.029999999,2,"latvia, central_russia"
timor,Timor,indonesian_sea,portugal,portugal,portugal,portugal,portugal,portugal,portugal,timor,0,colony,1.75,35000,-1,-1,0,0,0,2.5,0.0125,2,
north-east_frontier,North-East Frontier,benghal_sea,britain,britain,britain,britain,britain,britain,britain,india,0,colony,1.25,0,-1,-1,0,0,0,2,0.0125,6,"burma, tibet, northern_india, bhutan"
faroe_islands,Faroe Islands,n_sea,denmark,denmark,denmark,denmark,denmark,denmark,denmark,denmark,0,colony,0.25,10000,-1,-1,0,0,0,0.01,0.029999999,4,
shetland,Shetland,n_sea,britain,britain,britain,britain,britain,britain,britain,scotland,0,colony,0.150000006,10000,-1,-1,0,0,0,0.01,0.029999999,4,
balearic_islands,Balearic Islands,medit2,spain,spain,spain,spain,spain,spain,spain,spain,1,home,1,15000,-1,-1,0,0,0,2.5,0.0125,2,
kosovo,Kosovo,adriatic,ottoman,ottoman,ottoman,ottoman,serbia,serbia,serbia,serbia,0,colony,2,0,-1,-1,0,0,0,7,0.02,2.5,"serbia, albania, montenegro, central_balkans"
british_honduras,Guatemala,s_am_west,britain,britain,britain,britain,britain,britain,britain,british_honduras,0,colony,3.20000005,15000,-1,-1,0,0,0,7,0.0125,2,"eastern_mexico, southwest_mexico, honduras, belize, el_salvador"
belize,Belize,caribbean,britain,britain,britain,britain,britain,britain,britain,belize,0,colony,1.60000002,15000,-1,-1,0,0,0,7,0.0125,2,"eastern_mexico, british_honduras"
el_salvador,El Salvador,s_am_west,salvador_c,salvador_c,salvador_c,salvador_c,salvador_c,salvador_c,salvador_c,salvador_c,0,country,1.39999998,15000,-1,-1,0,0,0,7,0.0125,2,"british_honduras, honduras"
poland,Western Poland,baltic,germany,germany,germany,germany,poland,poland,poland,poland,1,home,14,0,-1,-1,0,0,0,2.5,0.029999999,2,"eastern_germany, prussia, bohemia-moravia, eastern_poland, prussia"
eastern_poland,Eastern Poland,baltic,russia,russia,russia,russia,poland,poland,poland,poland,1,home,10,0,-1,-1,0,0,0,2.5,0.029999999,2,"poland, prussia, belarus, ukraine, galicia, bohemia-moravia"
western_mexico,Northwest Mexico,n_am_west,mexico,mexico,mexico,mexico,mexico,mexico,mexico,mexico,0,country,4.5,10000,-1,1920,4,800,400,2.5,0.0125,2,"gulf_coast, eastern_mexico"
northeast_mexico,Northeast Mexico,mex_coast,mexico,mexico,mexico,mexico,mexico,mexico,mexico,mexico,0,country,6.5,10000,-1,1920,2,800,400,2.5,0.0125,2,"gulf_coast, western_usa"
eastern_mexico,Southeast Mexico,mex_coast,mexico,mexico,mexico,mexico,mexico,mexico,mexico,mexico,0,country,6.5,25000,-1,1925,5,900,500,7,0.0125,2,"western_mexico, northeast_mexico , british_honduras, belize"
southwest_mexico,Southwest Mexico,n_am_west,mexico,mexico,mexico,mexico,mexico,mexico,mexico,mexico,0,country,3.5,15000,-1,1925,5,900,500,7,0.0125,2,"northeast_mexico, british_honduras"
southern_siberia,Southern Siberia,οkhotsk_sea,russia,russia,russia,russia,russia,russia,russia,russia,1,home,0.400000006,0,-1,1930,1,1000,500,2.5,0.0125,5,"kamchatka, eastern_siberia, siberian_russia, russian_far_east"
